{"Rew.": [0.029, 0.038, 0.047, 0.057, 0.07, 0.084, 0.106, 0.133, 0.17, 0.22, 0.293, 0.397, 0.513, 0.566, 0.609, 0.265, -0.395, -0.813, -0.693, -0.503, -0.008, 0.474, -0.113, 0.636, 1.0, 1.998, 4.301, 5.872], "Rew. measurment": [null, null, null, null, null, null, null, null, null, null, null, null, null, null, null, null, null, null, null, null, null, null, null, null, null, null, null, null], "New meas pts": [null, null, null, null, null, null, null, null, null, null, null, null, null, null, null, null, null, null, null, null, null, null, null, null, null, null, null, null], "Scaling of new meas.": [null, null, null, null, null, null, null, null, null, null, null, null, null, null, null, null, null, null, null, null, null, null, null, null, null, null, null, null], "Rew. radiation": [0, 0, 0, 0, 0, 0, 0, 0, 0, 0, 0, 0, 0, 0, 0, 0, 0, 0, 0, 0, 0, 0, 0, 0, 0, 0, 0, 0], "Rew. ta factor": [1, 1, 1, 1, 1, 1, 1, 1, 1, 1, 1, 1, 1, 1, 1, 1, 1, 1, 1, 1, 1, 1, 1, 1, 1, 1, 1, 1], "Rew. remeasurment": [null, null, null, null, null, null, null, null, null, null, null, null, null, null, null, null, null, null, null, null, null, null, null, null, null, null, null, null], "snuggle factor": [0, 0, 0, 0, 0, 0, 0, 0, 0, 0, 0, 0, 0, 0, 0, 0, 0, 0, 0, 0, 0, 0, 0, 0, 0, 0, 0, 0], "Height rel. to groun": [288.422, 279.843, 268.265, 266.687, 254.109, 241.53, 229.952, 226.374, 218.795, 210.217, 194.639, 192.061, 191.482, 173.904, 169.326, 153.747, 154.169, 134.591, 127.013, 126.434, 119.856, 102.278, 94.701, 87.122, 76.546, 66.982, 57.656, 39], "Cum rad exp between ": [null, null, null, null, null, null, null, null, null, null, null, null, null, null, null, null, null, null, null, null, null, null, null, null, null, null, null, null], "Perc. of area rem.": [0.0, 0.0, 0.0, 0.0, 0.0, 0.0, 0.0, 0.0, 0.0, 0.0, 0.0, 0.0, 0.0, 0.0, 0.0, 0.0, 0.0, 0.0, 0.0, 0.0, 0.0, 0.0, 0.001, 0.001, 0.001, 0.003, 0.003, 0], "Cov thresh": [1, 1, 1, 1, 1, 1, 1, 1, 1, 1, 1, 1, 1, 1, 1, 1, 1, 1, 1, 1, 1, 1, 1, 1, 1, 1, 1, 1], "End sim reason": [null, null, null, null, null, null, null, null, null, null, null, null, null, null, null, null, null, null, null, null, null, null, null, null, null, null, null, null], "Cum rad exp per act": [2.685, 3.035, 3.467, 4.007, 4.684, 5.532, 6.649, 8.152, 10.227, 13.185, 17.599, 24.475, 34.91, 48.503, 65.574, 74.145, 62.972, 42.327, 28.013, 19.548, 19.745, 28.443, 26.691, 40.309, 67.043, 139.848, 384.788, 52.981], "Cum rad exp total": [5.086, 8.121, 11.588, 15.595, 20.279, 25.811, 32.46, 40.612, 50.839, 64.023, 81.623, 106.098, 141.009, 189.511, 255.085, 329.23, 392.202, 434.53, 462.542, 482.091, 501.835, 530.279, 556.97, 597.279, 664.321, 804.169, 1188.957, 52.981], "Curr rad exp": [0.207, 0.233, 0.267, 0.308, 0.36, 0.426, 0.511, 0.627, 0.787, 1.014, 1.354, 1.883, 2.685, 3.731, 5.044, 5.703, 4.844, 3.256, 2.155, 1.504, 1.519, 2.188, 2.053, 3.101, 5.157, 10.758, 29.599, 4.075], "Curr rad exp prev": [0.185, 0.207, 0.233, 0.267, 0.308, 0.36, 0.426, 0.511, 0.627, 0.787, 1.014, 1.354, 1.883, 2.685, 3.731, 5.044, 5.703, 4.844, 3.256, 2.155, 1.504, 1.519, 2.188, 2.053, 3.101, 5.157, 10.758, 0], "max_measured_points": [null, null, null, null, null, null, null, null, null, null, null, null, null, null, null, null, null, null, null, null, null, null, null, null, null, null, null, null], "percentage snuggled": [0.0, 0.0, 0.0, 0.0, 0.0, 0.0, 0.0, 0.0, 0.0, 0.0, 0.0, 0.0, 0.0, 0.0, 0.0, 0.0, 0.0, 0.0, 0.0, 0.0, 0.0, 0.667, 0.333, 0.778, 0.0, 0.833, 1.0, 0.0]}